Position	WT	Mutation	Stabilizing Mutations	Destabilizing mutations	Positive ddG	Negative ddG
384	E	0	0	15	0	-0.176
385	T	0	0	5	0	-0.195
386	H	0	0	16	0	-0.322
387	V	0	0	10	0	-0.348
388	S	I	4	6	0.071	-0.08
389	G	0	0	5	0	-0.334
390	A	G	3	6	0.068	-0.333
391	A	I	4	8	0.282	-0.253
392	V	I	1	14	0.047	-0.627
393	G	0	0	5	0	-0.494
394	R	0	0	15	0	-0.587
395	S	I	6	10	0.247	-0.245
396	T	I	1	6	0.004	-0.322
397	A	L	3	16	0.079	-0.499
398	G	I	1	15	0.075	-0.61
399	L	0	0	8	0	-0.516
400	A	I	3	6	0.696	-0.615
401	N	K	2	9	0.016	-0.256
402	L	0	0	7	0	-0.381
403	F	0	0	7	0	-0.795
404	S	T	7	9	0.287	-0.2
405	S	P	12	1	0.351	-0.036
406	G	0	0	6	0	-1.52
407	S	L	1	7	0.115	-0.664
408	K	0	0	10	0	-0.669
409	Q	0	0	4	0	-1.369
410	N	0	0	12	0	-0.41
411	L	0	0	6	0	-2.366
412	Q	0	0	8	0	-0.734
413	L	0	0	5	0	-3.479
414	I	0	0	6	0	-2.558
415	N	0	0	8	0	-0.507
416	S	I	3	3	0.872	-2.332
417	N	0	0	7	0	-0.516
418	G	0	0	2	0	-2.207
419	S	0	0	4	0	-1.946
420	W	0	0	5	0	-3.938
421	H	0	0	5	0	-1.984
422	I	0	0	6	0	-5.091
423	N	0	0	11	0	-1.838
424	R	0	0	10	0	-1.294
425	T	0	0	10	0	-0.862
427	A	0	0	6	0	-3.093
428	L	0	0	4	0	-2.687
429	N	0	0	7	0	-1.109
430	C	0	0	7	0	-2.421
431	N	0	0	7	0	-0.422
432	D	E	1	6	0.102	-1.32
433	S	0	0	9	0	-0.784
434	L	0	0	7	0	-1.327
435	N	0	0	10	0	-0.297
436	T	0	0	4	0	-1.24
437	G	0	0	4	0	-2.154
438	F	W	1	4	0.231	-1.183
439	L	0	0	9	0	-2.477
440	A	0	0	4	0	-2.852
441	S	G	1	4	0.033	-0.309
442	L	0	0	6	0	-0.676
443	F	0	0	9	0	-1.351
444	Y	0	0	5	0	-1.963
445	T	I	7	7	0.161	-0.736
446	H	0	0	10	0	-0.398
447	K	0	0	7	0	-0.592
448	F	0	0	6	0	-1.721
449	N	D	1	3	0.006	-0.841
450	S	0	0	6	0	-0.389
451	S	0	0	5	0	-0.451
452	G	0	0	6	0	-2.886
453	C	0	0	3	0	-2.348
454	S	I	5	6	0.175	-0.159
455	E	0	0	7	0	-0.662
456	R	M	1	4	0.108	-2.01
457	L	0	0	6	0	-1.148
458	A	0	0	7	0	-0.658
459	C	0	0	8	0	-0.638
460	C	0	0	2	0	-1.744
461	K	R	1	8	0.087	-1.164
462	S	R	1	6	0.077	-0.235
463	L	0	0	4	0	-4.034
464	D	0	0	9	0	-0.651
465	S	D	3	9	0.066	-0.197
466	Y	0	0	6	0	-2.372
467	G	E	1	14	0.022	-0.677
468	Q	0	0	5	0	-0.49
469	G	0	0	1	0	-2.591
470	W	0	0	5	0	-0.992
471	G	0	0	3	0	-1.473
472	P	0	0	6	0	-0.45
473	L	0	0	5	0	-4.365
474	G	0	0	12	0	-2.5
475	V	Y	2	8	0.263	-1.303
477	A	Y	1	9	0.059	-3.167
478	N	0	0	11	0	-0.365
479	I	0	0	12	0	-2.118
480	S	0	0	11	0	-0.255
481	G	0	0	11	0	-1.506
482	S	0	0	9	0	-0.13
483	S	0	0	12	0	-1.044
484	D	0	0	10	0	-0.391
485	D	E	1	11	0.021	-0.85
486	R	0	0	5	0	-0.971
487	P	0	0	5	0	-1.918
488	Y	0	0	6	0	-2.379
489	C	0	0	3	0	-3.389
490	W	0	0	4	0	-2.887
491	H	0	0	7	0	-2.19
492	Y	0	0	2	0	-1.211
493	A	P	2	6	0.408	-1.934
494	P	0	0	4	0	-3.581
495	R	0	0	7	0	-0.831
496	P	0	0	6	0	-0.806
497	C	0	0	2	0	-2.282
498	G	0	0	10	0	-1.544
499	I	0	0	11	0	-1.697
500	V	I	1	6	0.202	-4.43
501	P	0	0	11	0	-1.743
502	A	0	0	3	0	-3.03
503	S	L	3	8	0.109	-0.201
504	S	I	1	11	0.112	-1.091
505	V	I	1	3	0.369	-3.114
506	C	0	0	3	0	-2.81
507	G	0	0	2	0	-2.789
508	P	0	0	3	0	-3.328
509	V	0	0	5	0	-3.569
510	Y	0	0	5	0	-4.58
511	C	0	0	5	0	-4.281
512	F	0	0	6	0	-3.86
513	T	0	0	5	0	-3.052
514	P	0	0	2	0	-2.748
515	S	0	0	1	0	-0.946
516	P	0	0	3	0	-2.125
517	V	I	1	4	0.059	-2.439
518	V	0	0	4	0	-2.173
519	V	I	1	5	0.152	-5.218
520	G	0	0	2	0	-0.903
521	T	0	0	5	0	-2.648
522	T	0	0	4	0	-1.477
523	D	0	0	3	0	-1.074
524	H	0	0	15	0	-0.449
525	V	L	5	6	0.036	-0.196
526	G	0	0	6	0	-2.973
527	V	0	0	10	0	-0.331
528	P	0	0	4	0	-1.129
529	T	0	0	2	0	-0.815
530	Y	0	0	7	0	-0.618
531	T	0	0	12	0	-1.105
532	W	0	0	4	0	-0.725
533	G	0	0	2	0	-3.116
534	E	0	0	13	0	-0.555
535	N	0	0	7	0	-0.579
536	E	0	0	10	0	-0.287
537	T	0	0	8	0	-1.148
538	D	0	0	5	0	-2.264
539	V	0	0	6	0	-5.525
540	F	0	0	5	0	-4.138
541	L	0	0	6	0	-3.637
542	L	0	0	5	0	-5.079
543	N	0	0	11	0	-0.331
544	S	0	0	5	0	-1.444
545	T	0	0	8	0	-0.319
546	R	0	0	6	0	-1.653
547	P	0	0	5	0	-2.612
548	P	0	0	3	0	-1.068
549	H	0	0	12	0	-0.363
550	G	0	0	6	0	-2.117
551	A	N	1	9	0.072	-0.633
552	W	0	0	3	0	-1.762
553	F	0	0	5	0	-2.795
554	G	0	0	6	0	-4.583
555	C	0	0	5	0	-4.042
556	V	0	0	5	0	-2.514
557	W	0	0	4	0	-2.945
558	M	0	0	5	0	-4.883
559	N	0	0	5	0	-2.194
560	S	0	0	8	0	-1.798
561	T	0	0	8	0	-0.565
562	G	0	0	5	0	-4.669
563	F	0	0	7	0	-2.208
564	T	0	0	6	0	-2.538
565	K	0	0	6	0	-1.131
566	T	V	1	3	0.004	-0.879
567	C	0	0	3	0	-2.523
568	G	0	0	2	0	-3.514
569	A	0	0	7	0	-1.015
570	P	0	0	6	0	-1.072
571	P	0	0	5	0	-3.594
572	C	0	0	4	0	-2.268
573	E	0	0	13	0	-2.691
574	V	I	1	3	0.115	-1.687
581	N	K	2	17	0.044	-1.089
582	T	0	0	16	0	-3.321
583	N	0	0	10	0	-0.493
584	N	0	0	12	0	-0.276
585	G	0	0	15	0	-1.411
586	T	0	0	11	0	-1.133
587	W	0	0	6	0	-3.163
588	H	0	0	13	0	-1.063
589	C	0	0	4	0	-4.199
590	P	0	0	5	0	-3.531
591	T	0	0	5	0	-2.458
592	D	0	0	6	0	-2.403
593	C	0	0	3	0	-3.002
594	F	0	0	4	0	-1.843
595	R	0	0	5	0	-2.563
596	K	0	0	6	0	-2.129
597	H	0	0	4	0	-1.752
598	P	0	0	5	0	-0.83
599	E	0	0	6	0	-0.618
600	T	0	0	3	0	-1.937
601	T	0	0	4	0	-3.046
602	Y	0	0	5	0	-3.949
603	A	L	3	8	0.231	-0.581
604	K	R	1	3	0.118	-0.429
605	C	0	0	4	0	-2.811
606	G	0	0	6	0	-4.182
607	S	0	0	6	0	-0.885
608	G	0	0	6	0	-3.639
609	P	0	0	5	0	-4.883
610	W	0	0	4	0	-2.918
611	I	0	0	7	0	-5.081
612	T	0	0	5	0	-5.445
613	P	0	0	5	0	-2.162
614	R	0	0	5	0	-1.465
615	C	0	0	4	0	-3.396
616	L	0	0	7	0	-5.518
617	I	0	0	3	0	-4.648
618	D	H	1	9	0.069	-2.226
619	Y	0	0	3	0	-1.998
620	P	0	0	7	0	-0.87
621	Y	0	0	4	0	-3.111
622	R	L	1	4	0.379	-2.763
623	L	0	0	3	0	-1.585
624	W	0	0	3	0	-3.189
625	H	0	0	3	0	-3.073
626	F	Y	1	6	0.364	-4.768
627	P	0	0	3	0	-3.643
628	C	0	0	5	0	-2.492
629	T	0	0	5	0	-3.728
630	A	I	5	7	0.673	-1.829
631	N	0	0	6	0	-0.559
632	F	Y	1	6	0.335	-2.309
633	S	T	1	4	0.086	-1.005
634	V	I	1	8	0.032	-3.375
635	F	0	0	7	0	-4.318
636	N	K	1	5	0.021	-0.422
637	I	0	0	7	0	-5.624
638	R	0	0	2	0	-2.147
639	T	M	3	3	0.201	-3.488
640	F	Y	1	3	0.298	-2.411
641	V	I	1	6	0.265	-5.094
642	G	0	0	5	0	-2.251
643	G	0	0	7	0	-1.886
644	I	0	0	8	0	-1.171
645	E	0	0	4	0	-1.123
646	H	0	0	3	0	-1.339
647	R	0	0	4	0	-0.665
648	M	F	1	8	0.014	-4.475
649	Q	0	0	11	0	-1.34
650	A	0	0	5	0	-4.85
651	A	0	0	3	0	-5.462
652	C	0	0	4	0	-3.121
653	N	0	0	6	0	-1.053
654	W	0	0	4	0	-2.575
655	T	0	0	5	0	-1.147
656	R	0	0	5	0	-0.663
657	G	0	0	5	0	-1.386
658	E	0	0	5	0	-1.172
659	V	R	1	5	0.164	-0.592
660	C	0	0	5	0	-1.585
661	G	0	0	8	0	-1.146
662	L	0	0	6	0	-0.819
663	E	0	0	7	0	-0.955
664	H	0	0	5	0	-1.03
665	R	0	0	6	0	-2.221
666	D	Y	1	5	0.019	-3.356
667	R	0	0	5	0	-3.719
668	V	0	0	6	0	-3.648
669	E	0	0	5	0	-1.406
670	L	0	0	7	0	-3.933
671	S	0	0	5	0	-0.99
672	P	0	0	6	0	-2.872
673	L	0	0	6	0	-3.102
674	L	0	0	5	0	-0.695
675	L	0	0	8	0	-1.894
676	T	0	0	5	0	-1.233
677	T	0	0	6	0	-0.396
678	T	0	0	4	0	-0.836
679	A	Q	2	3	0.535	-3.063
680	W	0	0	4	0	-2.377
681	Q	0	0	6	0	-2.419
682	I	0	0	6	0	-5.04
683	L	0	0	3	0	-2.305
684	P	0	0	3	0	-2.139
685	C	0	0	6	0	-3.634
686	S	0	0	4	0	-4.799
687	F	0	0	5	0	-1.837
688	T	0	0	5	0	-4.216
689	T	0	0	6	0	-0.528
690	L	0	0	4	0	-1.755
691	P	0	0	6	0	-1.075
692	A	0	0	5	0	-1.079
693	L	0	0	2	0	-0.791
694	S	0	0	6	0	-0.736
695	T	0	0	4	0	-0.454
696	G	0	0	3	0	-2.532
697	L	0	0	5	0	-0.704
698	I	0	0	4	0	-2.179
699	H	0	0	5	0	-0.578
700	L	0	0	4	0	-3.684
701	H	0	0	5	0	-0.988
702	Q	0	0	3	0	-0.195
703	N	0	0	7	0	-0.649
704	I	0	0	4	0	-1.482
705	V	0	0	5	0	-2.313
706	D	0	0	7	0	-1.076
707	V	0	0	6	0	-3.553
708	Q	0	0	4	0	-3.563
709	Y	0	0	4	0	-3.263
710	L	0	0	6	0	-3.308
711	Y	0	0	4	0	-0.961
712	G	0	0	2	0	-0.617
713	V	0	0	6	0	-0.58
714	G	0	0	6	0	-0.91
715	S	0	0	4	0	-0.266
716	A	0	0	7	0	-0.465
717	V	I	1	5	0.115	-1.666
718	V	I	1	5	0.013	-1.771
719	S	0	0	7	0	-0.745
720	W	0	0	6	0	-1.634
721	A	0	0	5	0	-1.596
722	L	0	0	7	0	-2.246
723	K	0	0	5	0	-0.663
724	W	0	0	4	0	-1.798
725	E	0	0	7	0	-2.094
726	Y	0	0	8	0	-1.622
727	V	I	1	4	0.05	-1.84
728	V	I	1	3	0.073	-2.2
729	L	0	0	4	0	-3.882
730	A	0	0	7	0	-1.417
731	F	0	0	5	0	-0.87
732	L	0	0	3	0	-4.572
733	L	0	0	5	0	-1.68
734	L	0	0	5	0	-1.183
735	A	0	0	2	0	-1.455
736	D	0	0	3	0	-0.408
737	A	0	0	5	0	-1.494
738	R	0	0	5	0	-0.764
739	V	I	1	6	0.037	-1.188
740	S	C	1	3	0.309	-1.228
741	A	0	0	5	0	-3.042
742	C	0	0	4	0	-1.152
743	L	0	0	4	0	-1.057
744	W	0	0	4	0	-3.059
745	M	0	0	4	0	-1.43
746	M	0	0	5	0	-1.078
747	F	0	0	4	0	-0.752
748	M	0	0	4	0	-3.016
749	V	I	1	4	0.092	-1.202
750	S	0	0	9	0	-0.517
751	Q	0	0	5	0	-0.956
752	V	0	0	4	0	-0.559
753	E	0	0	4	0	-0.344
754	A	0	0	4	0	-1.401
